roi,selection_freq_pct,coef_median,coef_ci_lower,coef_ci_upper,sign_consistency_pct,n_selected
LEFT_HIPPOCAMPUS_SUVR,100.0000,-0.1822,-0.3082,-0.0952,100.0000,1000
CTX_LH_TRANSVERSETEMPORAL_SUVR,93.1000,0.0649,0.0000,0.1788,99.5704,931
CTX_LH_FUSIFORM_SUVR,91.0000,0.0980,0.0000,0.2927,99.4505,910
RIGHT_PALLIDUM_SUVR,90.4000,-0.0407,-0.1225,0.0024,96.6814,904
CTX_LH_LINGUAL_SUVR,88.8000,0.0614,0.0000,0.2009,99.5495,888
CTX_RH_ENTORHINAL_SUVR,87.3000,-0.0374,-0.1210,0.0325,90.8362,873
LEFT_AMYGDALA_SUVR,86.3000,0.0475,-0.0045,0.1397,95.9444,863
CTX_LH_TEMPORALPOLE_SUVR,84.5000,0.0534,-0.0000,0.1793,97.0414,845
RIGHT_HIPPOCAMPUS_SUVR,81.5000,0.0593,-0.0031,0.1889,96.6871,815
LEFT_PUTAMEN_SUVR,80.5000,0.0424,-0.0173,0.1579,94.9068,805
CTX_RH_PARAHIPPOCAMPAL_SUVR,78.0000,-0.0292,-0.1344,0.0041,96.1538,780
CTX_RH_PRECUNEUS_SUVR,77.6000,0.0403,0.0000,0.1810,97.8093,776
LEFT_ACCUMBENS_AREA_SUVR,77.4000,0.0326,-0.0140,0.1817,95.2196,774
CTX_RH_PRECENTRAL_SUVR,77.3000,-0.0398,-0.1737,0.0000,97.2833,773
CTX_LH_ENTORHINAL_SUVR,76.0000,-0.0120,-0.1114,0.0476,77.3684,760
CTX_RH_INSULA_SUVR,74.7000,-0.0467,-0.2099,0.0000,97.9920,747
CTX_LH_PARAHIPPOCAMPAL_SUVR,74.3000,-0.0320,-0.1645,0.0298,92.1938,743
CTX_RH_PERICALCARINE_SUVR,73.6000,0.0321,-0.0245,0.1821,91.5761,736
CTX_LH_LATERALOCCIPITAL_SUVR,71.4000,-0.0241,-0.1426,0.0460,87.9552,714
CTX_RH_CAUDALMIDDLEFRONTAL_SUVR,71.2000,0.0320,0.0000,0.1718,97.6124,712
CTX_LH_MIDDLETEMPORAL_SUVR,71.0000,-0.0425,-0.2021,0.0000,99.4366,710
CTX_LH_BANKSSTS_SUVR,70.5000,0.0099,-0.0735,0.1435,80.0000,705
RIGHT_THALAMUS_PROPER_SUVR,67.0000,0.0000,-0.0585,0.0805,57.6119,670
CTX_LH_PARSORBITALIS_SUVR,65.4000,-0.0185,-0.1434,0.0150,94.1896,654
CTX_LH_SUPERIORFRONTAL_SUVR,65.0000,0.0267,0.0000,0.1977,98.9231,650
CTX_LH_CUNEUS_SUVR,64.8000,0.0000,-0.0848,0.1407,63.5802,648
CTX_LH_PERICALCARINE_SUVR,64.6000,0.0000,-0.1619,0.0547,73.8390,646
CTX_LH_PARSTRIANGULARIS_SUVR,64.6000,0.0289,0.0000,0.2201,97.3684,646
CTX_LH_POSTERIORCINGULATE_SUVR,64.4000,-0.0233,-0.1818,0.0000,97.6708,644
CTX_LH_CAUDALMIDDLEFRONTAL_SUVR,64.3000,0.0173,-0.0127,0.1597,93.9347,643
CTX_RH_BANKSSTS_SUVR,63.4000,0.0109,-0.0348,0.1566,91.4826,634
LEFT_PALLIDUM_SUVR,62.5000,0.0000,-0.0660,0.0788,50.2400,625
RIGHT_AMYGDALA_SUVR,62.2000,0.0000,-0.0900,0.0512,61.8971,622
CTX_RH_MIDDLETEMPORAL_SUVR,62.2000,-0.0250,-0.2073,0.0000,98.7138,622
RIGHT_PUTAMEN_SUVR,62.1000,0.0112,-0.0196,0.1697,92.7536,621
CTX_RH_INFERIORTEMPORAL_SUVR,61.8000,0.0239,-0.0098,0.2537,94.8220,618
CTX_RH_TRANSVERSETEMPORAL_SUVR,61.7000,0.0035,-0.0295,0.1149,86.2237,617
RIGHT_ACCUMBENS_AREA_SUVR,61.5000,0.0000,-0.1435,0.0571,77.7236,615
CTX_RH_SUPERIORTEMPORAL_SUVR,61.4000,-0.0174,-0.1722,0.0097,94.6254,614
CTX_RH_TEMPORALPOLE_SUVR,60.5000,0.0000,-0.0412,0.0970,74.0496,605
CTX_LH_POSTCENTRAL_SUVR,60.1000,-0.0094,-0.1939,0.0167,92.6789,601
CTX_LH_PARSOPERCULARIS_SUVR,60.1000,-0.0172,-0.2098,0.0000,98.3361,601
CTX_RH_FRONTALPOLE_SUVR,59.7000,0.0000,-0.0480,0.1195,80.0670,597
CTX_RH_LINGUAL_SUVR,59.6000,0.0000,-0.1235,0.0469,79.6980,596
LEFT_THALAMUS_PROPER_SUVR,59.4000,0.0000,-0.0856,0.0367,70.8754,594
CTX_RH_CUNEUS_SUVR,59.1000,0.0000,-0.1157,0.0452,76.4805,591
CTX_RH_ISTHMUSCINGULATE_SUVR,59.0000,0.0010,-0.0391,0.1063,85.5932,590
CTX_RH_CAUDALANTERIORCINGULATE_SUVR,57.1000,-0.0014,-0.1279,0.0261,89.6673,571
CTX_LH_FRONTALPOLE_SUVR,56.7000,0.0000,-0.0681,0.0930,77.4250,567
CTX_RH_ROSTRALMIDDLEFRONTAL_SUVR,55.9000,0.0058,-0.0069,0.1583,94.9911,559
CTX_RH_PARSTRIANGULARIS_SUVR,54.4000,0.0000,-0.1572,0.0620,84.9265,544
CTX_LH_MEDIALORBITOFRONTAL_SUVR,53.9000,-0.0063,-0.1783,0.0000,98.3302,539
CTX_LH_SUPERIORPARIETAL_SUVR,53.8000,0.0000,-0.0332,0.0998,88.6617,538
CTX_RH_SUPRAMARGINAL_SUVR,53.7000,0.0000,-0.1469,0.0215,91.8063,537
CTX_RH_PARSOPERCULARIS_SUVR,52.5000,0.0000,-0.1103,0.0580,78.8571,525
CTX_RH_PARSORBITALIS_SUVR,51.9000,0.0000,-0.1218,0.0880,64.9326,519
CTX_LH_CAUDALANTERIORCINGULATE_SUVR,51.2000,0.0000,-0.0769,0.1044,50.1953,512
CTX_RH_POSTERIORCINGULATE_SUVR,50.0000,0.0000,-0.0357,0.1830,85.8000,500
CTX_LH_SUPERIORTEMPORAL_SUVR,49.8000,0.0000,-0.0155,0.1989,93.5743,498
CTX_RH_LATERALOCCIPITAL_SUVR,49.7000,0.0000,-0.0863,0.0571,72.6358,497
CTX_LH_ROSTRALANTERIORCINGULATE_SUVR,48.4000,0.0000,-0.1248,0.0215,90.7025,484
CTX_RH_FUSIFORM_SUVR,48.1000,0.0000,-0.1114,0.0764,51.1435,481
CTX_LH_ROSTRALMIDDLEFRONTAL_SUVR,48.1000,0.0000,-0.0242,0.1245,91.8919,481
CTX_RH_POSTCENTRAL_SUVR,47.8000,0.0000,-0.0909,0.0962,72.5941,478
CTX_RH_PARACENTRAL_SUVR,47.7000,0.0000,-0.0870,0.0598,62.4738,477
CTX_LH_ISTHMUSCINGULATE_SUVR,46.7000,0.0000,-0.0614,0.1184,61.4561,467
CTX_LH_INSULA_SUVR,46.3000,0.0000,-0.1719,0.0583,86.1771,463
CTX_RH_SUPERIORPARIETAL_SUVR,45.9000,0.0000,-0.0523,0.0777,71.8954,459
CTX_LH_INFERIORPARIETAL_SUVR,45.5000,0.0000,-0.1395,0.0480,76.4835,455
CTX_LH_PARACENTRAL_SUVR,45.4000,0.0000,-0.0736,0.0846,53.5242,454
CTX_RH_ROSTRALANTERIORCINGULATE_SUVR,44.3000,0.0000,-0.0647,0.1006,50.1129,443
CTX_LH_SUPRAMARGINAL_SUVR,43.9000,0.0000,-0.0182,0.1694,88.3827,439
CTX_LH_PRECENTRAL_SUVR,42.8000,0.0000,-0.0974,0.0433,83.6449,428
CTX_RH_INFERIORPARIETAL_SUVR,42.6000,0.0000,-0.0694,0.1095,64.5540,426
CTX_RH_LATERALORBITOFRONTAL_SUVR,42.1000,0.0000,-0.0898,0.0448,82.8979,421
CTX_LH_LATERALORBITOFRONTAL_SUVR,40.6000,0.0000,-0.0870,0.1006,57.6355,406
CTX_RH_MEDIALORBITOFRONTAL_SUVR,38.3000,0.0000,-0.1207,0.0235,88.5117,383
CTX_LH_PRECUNEUS_SUVR,38.0000,0.0000,-0.1020,0.0711,59.7368,380
CTX_LH_INFERIORTEMPORAL_SUVR,34.5000,0.0000,-0.1172,0.0526,67.5362,345
CTX_RH_SUPERIORFRONTAL_SUVR,29.0000,0.0000,-0.0779,0.0617,64.1379,290
